/*
MySQL Data Transfer
Source Host: localhost
Source Database: db_dvd
Target Host: localhost
Target Database: db_dvd
Date: 2011-8-21 обнГ 01:17:49
*/

SET FOREIGN_KEY_CHECKS=0;
-- ----------------------------
-- Table structure for t_admin
-- ----------------------------
CREATE TABLE `t_admin` (
  `userId` int(11) NOT NULL auto_increment,
  `userName` varchar(50) default NULL,
  `userPw` varchar(50) default NULL,
  PRIMARY KEY  (`userId`)
) ENGINE=InnoDB DEFAULT CHARSET=utf8;

-- ----------------------------
-- Table structure for t_catelog
-- ----------------------------
CREATE TABLE `t_catelog` (
  `id` int(11) NOT NULL auto_increment,
  `name` varchar(255) default NULL,
  `jieshao` varchar(8000) default NULL,
  `del` varchar(255) default NULL,
  PRIMARY KEY  (`id`)
) ENGINE=InnoDB DEFAULT CHARSET=utf8;

-- ----------------------------
-- Table structure for t_gonggao
-- ----------------------------
CREATE TABLE `t_gonggao` (
  `id` varchar(50) NOT NULL,
  `title` varchar(50) default NULL,
  `content` varchar(5000) default NULL,
  `shijian` varchar(50) default NULL,
  PRIMARY KEY  (`id`)
) ENGINE=InnoDB DEFAULT CHARSET=utf8;

-- ----------------------------
-- Table structure for t_goods
-- ----------------------------
CREATE TABLE `t_goods` (
  `id` int(11) NOT NULL auto_increment,
  `catelog_id` int(11) default NULL,
  `name` varchar(255) default NULL,
  `jieshao` varchar(8000) default NULL,
  `daoyan` varchar(255) default NULL,
  `zhuyan` varchar(255) default NULL,
  `fujian` varchar(255) default NULL,
  `fujianYuanshiming` varchar(255) default NULL,
  `shichangjia` int(11) default NULL,
  `tejia` int(11) default NULL,
  `shifoutejia` varchar(255) default NULL,
  `kucun` int(11) default NULL,
  `del` varchar(255) default NULL,
  PRIMARY KEY  (`id`)
) ENGINE=InnoDB DEFAULT CHARSET=utf8;

-- ----------------------------
-- Table structure for t_liuyan
-- ----------------------------
CREATE TABLE `t_liuyan` (
  `id` varchar(255) NOT NULL,
  `title` varchar(255) default NULL,
  `content` varchar(255) default NULL,
  `shijian` varchar(255) default NULL,
  `user_id` varchar(255) default NULL,
  PRIMARY KEY  (`id`)
) ENGINE=InnoDB DEFAULT CHARSET=utf8;

-- ----------------------------
-- Table structure for t_order
-- ----------------------------
CREATE TABLE `t_order` (
  `id` varchar(255) NOT NULL,
  `bianhao` varchar(255) default NULL,
  `shijian` varchar(255) default NULL,
  `zhuangtai` varchar(255) default NULL,
  `songhuodizhi` varchar(255) default NULL,
  `fukuanfangshi` varchar(255) default NULL,
  `jine` int(11) default NULL,
  `user_id` varchar(255) default NULL,
  PRIMARY KEY  (`id`)
) ENGINE=InnoDB DEFAULT CHARSET=utf8;

-- ----------------------------
-- Table structure for t_orderitem
-- ----------------------------
CREATE TABLE `t_orderitem` (
  `id` varchar(255) NOT NULL,
  `order_id` varchar(255) default NULL,
  `goods_id` int(11) default NULL,
  `goods_quantity` int(11) default NULL,
  PRIMARY KEY  (`id`)
) ENGINE=InnoDB DEFAULT CHARSET=utf8;

-- ----------------------------
-- Table structure for t_user
-- ----------------------------
CREATE TABLE `t_user` (
  `id` varchar(255) NOT NULL default '',
  `loginname` varchar(255) default NULL,
  `loginpw` varchar(255) default NULL,
  `name` varchar(255) default NULL,
  `sex` varchar(255) default NULL,
  `age` varchar(255) default NULL,
  `address` varchar(255) default NULL,
  `tel` varchar(255) default NULL,
  `email` varchar(255) default NULL,
  `qq` varchar(255) default NULL,
  `del` varchar(255) default NULL,
  PRIMARY KEY  (`id`)
) ENGINE=InnoDB DEFAULT CHARSET=utf8;

-- ----------------------------
-- Records 
-- ----------------------------
INSERT INTO `t_admin` VALUES ('1', 'a', 'a');
INSERT INTO `t_catelog` VALUES ('1', 'Е┼╗Д╫°Г┴┤', 'Е┼╗Д╫°Г┴┤', 'no');
INSERT INTO `t_catelog` VALUES ('2', 'Г┬╠Ф┐┘Г┴┤', '<p>Г┬╠Ф┐┘Г┴┤</p>', 'no');
INSERT INTO `t_catelog` VALUES ('3', 'Ф│░Ф─∙Г┴┤', 'Ф│░Ф─∙Г┴┤', 'no');
INSERT INTO `t_catelog` VALUES ('4', 'Х╝╟Е╫∙Г┴┤', '<p>Г╨╙Е╫∙Г┴┤</p>', 'no');
INSERT INTO `t_gonggao` VALUES ('1312762582187', 'Х©░Х╢╧Х╟┐Ф∙╢Х┤Ё5Е┘┐ Х╢╜Г┴╘Ф╩║200Е┘┐Е┘█Х©░Х╢╧', '1О╪▌Х╝╒Х╢╜Ф┬░Е┼÷Е░▌О╪▄Ф┌╗Е▐╞Д╩╔И─ Х©┤Ф┬▒Д╩╛Г╩≥Ф┌╗Е▐▒Г └Г║╝Х╝╓И┌╝Д╩╤Ф┬√Г≥╩И≥├Ф┬▒Д╩╛Г └Г╫▒Г╚≥Е°╗&ldquo;Ф┬▒Г └Е┤║Е╝╒-Х╝╒Е█∙Ф÷╔Х╞╒&rdquo;Д╦╜Ф÷╔Г°▀Х╝╒Е█∙Д©║Ф│╞О╪▄И─┴Ф▀╘И²·Х╢╖Е┬╟Д╩≤Ф╛╬Ф√╧Е╪▐Г └Х╝╒Е█∙Х╞╥Е▐┼Ф≈╤Ф■╞Д╩≤Х╢╖Ф╛╬О╪▄Ф╛╬Е┬╟Е░▌Ф┬▒Д╩╛Д╪ Е╟╫Ф≈╘Д╦╨Ф┌╗Е╝┴Ф▌▓Е▐▒Х╢╖Ц─┌<br />\r\n2О╪▌VANCLЕ╥╡Е╪─И─ Д╦┴Е°╟Е╨⌠Ф┬©Е┘╗Е⌡╫Е▐▒Х╢╖Ф°█Е┼║О╪▄ГЁ╩Г╩÷Д╪ Ф═╧Ф█╝Е╝·И≥┘Е╨⌠Е╜≤Ф┐┘Е├╣Д╦╨Ф┌╗И─┴Ф▀╘Е▐▒Х╢╖Е╨⌠Ф┬©О╪▄Д╩╔Г║╝Д©²Ф┌╗Х┐╫Ф⌡╢Е©╚Ф■╤Е┬╟Х╝╒Х╢╜Г └Е∙├Е⌠│Ц─┌<br />\r\n3О╪▌Е⌡═Е▐▒Х╢╖Е╨⌠Ф┬©Д╦█Е░▄О╪▄Х╢╖Г┴╘И┘█И─│Е┬╟Ф┌╗Ф┴▀Д╦╜Г └И┘█И─│Ф≈╤И≈╢Д╪ Ф°┴Ф┴─Д╦█Е░▄О╪▄Ф▐░Д╨╓Х╝╒Е█∙Е░▌ГЁ╩Г╩÷Д╪ Ф▐░Г╓╨Ф┌╗Е┤├Г║╝Г └И┘█И─│Ф≈╤И≈╢О╪▄Х╞╥Ф┌╗Е┘ЁФЁ╗Ц─┌<br />\r\n4О╪▌Д╦╨Д╨├Г║╝Д©²Е∙├Е⌠│Е▐┼Ф≈╤Е┤├Г║╝Г └И┘█И─│Е┬╟Ф┌╗Ф┴▀Д╦╜О╪▄Х╞╥Ф┌╗Е°╗Х╝╒Х╢╜Ф≈╤Е║╚Е├≥Х╞╕Г╩├Г └Ф■╤Х╢╖Д╨╨Д©║Ф│╞Е▐┼Х│■ГЁ╩Ф√╧Е╪▐Ц─┌<br />\r\n5О╪▌И┘█И─│Х╢╧Ф■╤Х╢╧Ф═┤Е┤├Д╦╨О╪ 5Е┘┐/Е█∙О╪┬Д╪≤Ф┐═Ф╢╩Е┼╗Ф°÷И≈╢И≥╓Е╓√О╪┴Ц─┌<br />\r\n6О╪▌VanclГ⌡╝Е┴█Ф°╙Е╪─И─ Х┤╙Ф▐░Ф°█Е┼║О╪▄Ф┌╗Г └Х╝╒Е█∙Е╟├Г■╠VanclГ └И┘█И─│Г╫▒Г╩°Г⌡╢Ф▌╔И─│Е┬╟Ф┌╗Ф▄┤Е╝ Е°╟Г┌╧Ц─┌<br />\r\n7О╪▌Е▄≈Д╨╛Ц─│Д╦┼Ф╣╥О╪┬Е╢┤Ф≤▌И≥╓Е╓√О╪┴Ц─│Е╧©Е╥·Ц─│Ф╥╠Е°ЁЦ─│Ф╠÷Х▀▐Ц─│Е⌡⌡Е╥²Ц─│И┤█Е╨├Ц─│Е╝┴Е╬╫Ц─│Ф╧√Е▄≈Ц─│Ф╣≥Ф╠÷Ц─│Е╠╠Д╦°Г╜┴Е°╟Е▄╨Ф■╞Ф▄│Д╦┼И≈╗И──Ф█╒Х╢╖Д╦ Е┼║О╪▄Д╦┼И≈╗И──Ф█╒Х╢╖Е┼·Г░├Ф≈╤И≈╢Д╦▌Ф╜ёЕ╦╦И┘█И─│Ф≈╤И≈╢Д╦─Х┤╢Ц─┌<br />\r\n8О╪▌Ф┬▒Д╩╛Г └И─│Х╢╖Ф≈╤И≈╢Д╦╨О╪ Ф≈╘8О╪ 30О╪█Ф≥ 19О╪ 00О╪▄Х╞╥Ф┌╗Е░┬Г░├Е╝┴Ф▌▓Ф■╤Х╢╖Ф≈╤И≈╢О╪▄Е╕┌Ф┌╗Ф°┴Г┴╧Ф╝┼И°─Ф╠┌Х╞╥Х│■ГЁ╩Ф┬▒Д╩╛О╪▄Ф┬▒Д╩╛Д╪ Е╟╫Е┼⌡Д╦╨Ф┌╗Е█▐Е∙├Х╖ёЕ├ЁЦ─┌\r\n  ', '2011-8-8 8:16:22');
INSERT INTO `t_gonggao` VALUES ('1312763169078', 'И┘█И─│Е╩╤Х╞╞Г⌡╦Е┘ЁИ─ Е▒┼', '<p class=\"STYLE1023\" align=\"left\">Е╟┼Ф∙╛Г └Е╝╒Ф┬╥О╪ </p>\r\n<p class=\"STYLE1023\" align=\"left\">&nbsp;</p>\r\n<p class=\"STYLE1023\" align=\"left\">Ц──Ц──Е▐≈Е╓╖Х©░Д╪ Д╨╓И─ Г╝║Е┬╤Е╫╠Е⌠█О╪▄Ф╥╠Е°ЁИ┐╗Е┬├Е°╟Е▄╨Г └Х╝╒Е█∙И┘█И─│Ф≈╤И≈╢Е▐╞Х┐╫Д╪ Ф°┴Г⌡╦Е╨■Е╩╤Х╞╞О╪⌡</p>\r\n<p class=\"STYLE1023\" align=\"left\">&nbsp;</p>\r\n<p class=\"STYLE1023\" align=\"left\">Ц──Ц──Е▐≈Ф ╢И⌡╗Е╓╘Ф╟■Е╫╠Е⌠█О╪▄Х©▒Ф°÷Е▐▒Е╬─И┐╗Е┬├Е°╟Е▄╨Г └Х╝╒Е█∙И┘█И─│Ф≈╤И≈╢Д╪ Е┤╨Г▌╟Д╦█Е░▄Г╗▀Е╨╕Г └Е╩╤Х╞╞О╪▄Е┘╥Д╫⌠Ф┐┘Е├╣Е╕┌Д╦▀О╪ </p>\r\n<p class=\"STYLE1023\" align=\"left\">&nbsp;</p>\r\n<p class=\"STYLE1023\" align=\"left\">Ц──Ц──1О╪┴Ц─│7Ф°┬29Ф≈╔Е╓╘Ф╟╢Х┤ЁФ╜╕И┐╫Г └Е┘╛Х╥╞Ф╠÷Г╩°И∙┤Х╥╞Ф╝╣Ф√╜Хё┌О╪▄И┌╝Х╫╕Ф≈═ФЁ∙И─ Х║▄О╪▄Е╞╪Х┤╢Е▐▒Е╬─Г■≤Х┌┐Г°│И≥┤Е█≈Е╦┌Д╦▀Е╠·Г └Ф┬░Е▌©Ц─│Е╬╫Е▌©Ц─│Е╨╥Е▌©Ц─│Г╓╪Е▌©Ц─│Х╔©Е▓▄Е▌©Д╩╔Е▐┼Д╦╓Е╫⌠Е▌©Г╜┴Е°╟Е▄╨Г └Х╝╒Е█∙Д╪ Ф°┴Г⌡╦Е╨■Е╩╤Х╞╞О╪⌡</p>\r\n<p class=\"STYLE1023\" align=\"left\">&nbsp;</p>\r\n<p class=\"STYLE1023\" align=\"left\">Ц──Ц──2О╪┴Ц─│8Ф°┬1Ф≈╔-8Ф°┬4Ф≈╔Е▐▒Е╬─Е⌡⌡Е╥²Е°╟Е▄╨Г └Х╝╒Е█∙И┘█И─│Ф≈╤И≈╢И╒└Х╝║Д╪ Ф°┴2-3Е╓╘Е╩╤Х╞╞О╪⌡</p>\r\n<p class=\"STYLE1023\" align=\"left\">&nbsp;</p>\r\n<p class=\"STYLE1023\" align=\"left\">Ц──Ц──</p>', '2011-8-8 8:26:09');
INSERT INTO `t_gonggao` VALUES ('1312763349203', 'Ф╞▐Е╓╘8Ф╛╬Х╤┘Д╫▌Д╩╥1Е┘┐Х╣╥', 'Ф╞▐Е╓╘8Ф╛╬Х╤┘Д╫▌Д╩╥1Е┘┐Х╣╥<br />\r\nФ╞▐Е╓╘8Ф╛╬Х╤┘Д╫▌Д╩╥1Е┘┐Х╣╥<br />\r\nФ╞▐Е╓╘8Ф╛╬Х╤┘Д╫▌Д╩╥1Е┘┐Х╣╥<br />\r\nФ╞▐Е╓╘8Ф╛╬Х╤┘Д╫▌Д╩╥1Е┘┐Х╣╥<br />\r\nФ╞▐Е╓╘8Ф╛╬Х╤┘Д╫▌Д╩╥1Е┘┐Х╣╥<br />\r\nФ╞▐Е╓╘8Ф╛╬Х╤┘Д╫▌Д╩╥1Е┘┐Х╣╥<br />\r\nФ╞▐Е╓╘8Ф╛╬Х╤┘Д╫▌Д╩╥1Е┘┐Х╣╥<br />\r\nФ╞▐Е╓╘8Ф╛╬Х╤┘Д╫▌Д╩╥1Е┘┐Х╣╥<br />\r\nФ╞▐Е╓╘8Ф╛╬Х╤┘Д╫▌Д╩╥1Е┘┐Х╣╥<br />\r\nФ╞▐Е╓╘8Ф╛╬Х╤┘Д╫▌Д╩╥1Е┘┐Х╣╥<br />\r\nФ╞▐Е╓╘8Ф╛╬Х╤┘Д╫▌Д╩╥1Е┘┐Х╣╥<br />\r\nФ╞▐Е╓╘8Ф╛╬Х╤┘Д╫▌Д╩╥1Е┘┐Х╣╥<br />\r\nФ╞▐Е╓╘8Ф╛╬Х╤┘Д╫▌Д╩╥1Е┘┐Х╣╥<br />\r\nФ╞▐Е╓╘8Ф╛╬Х╤┘Д╫▌Д╩╥1Е┘┐Х╣╥<br />\r\nФ╞▐Е╓╘8Ф╛╬Х╤┘Д╫▌Д╩╥1Е┘┐Х╣╥<br />\r\nФ╞▐Е╓╘8Ф╛╬Х╤┘Д╫▌Д╩╥1Е┘┐Х╣╥<br />\r\nФ╞▐Е╓╘8Ф╛╬Х╤┘Д╫▌Д╩╥1Е┘┐Х╣╥<br />\r\nФ╞▐Е╓╘8Ф╛╬Х╤┘Д╫▌Д╩╥1Е┘┐Х╣╥<br />\r\nФ╞▐Е╓╘8Ф╛╬Х╤┘Д╫▌Д╩╥1Е┘┐Х╣╥<br />\r\nФ╞▐Е╓╘8Ф╛╬Х╤┘Д╫▌Д╩╥1Е┘┐Х╣╥<br />\r\nФ╞▐Е╓╘8Ф╛╬Х╤┘Д╫▌Д╩╥1Е┘┐Х╣╥<br />\r\nФ╞▐Е╓╘8Ф╛╬Х╤┘Д╫▌Д╩╥1Е┘┐Х╣╥<br />\r\nФ╞▐Е╓╘8Ф╛╬Х╤┘Д╫▌Д╩╥1Е┘┐Х╣╥<br />\r\nФ╞▐Е╓╘8Ф╛╬Х╤┘Д╫▌Д╩╥1Е┘┐Х╣╥<br />\r\nФ╞▐Е╓╘8Ф╛╬Х╤┘Д╫▌Д╩╥1Е┘┐Х╣╥', '2011-8-8 8:29:09');
INSERT INTO `t_gonggao` VALUES ('1312763374375', 'Ф╣▀Х╞∙Г╫▒Г╚≥Е┘╛Е▒┼Ф╣▀Х╞∙Ф╣▀Х╞∙', 'Ф╣▀Х╞∙Г╫▒Г╚≥Е┘╛Е▒┼Ф╣▀Х╞∙Ф╣▀Х╞∙<br />\r\nФ╣▀Х╞∙Г╫▒Г╚≥Е┘╛Е▒┼Ф╣▀Х╞∙Ф╣▀Х╞∙<br />\r\nФ╣▀Х╞∙Г╫▒Г╚≥Е┘╛Е▒┼Ф╣▀Х╞∙Ф╣▀Х╞∙', '2011-8-8 8:29:34');
INSERT INTO `t_goods` VALUES ('2', '2', 'Х╖┌И÷ЁЕ╠╠', 'Ц─┼Х╖┌И÷ЁЕ╠╠Ц─▀Х╝╡Х©╟Г └Ф≤╞Д╦╓Г■╥Д╦─Е╔ЁД╦┴Д╦╙И╚≤Х─┐Х░╫Ф╕°Г └Е╧╢Х╫╩Ф┬©Е╝╒Е▓▄Д╦─Д╦╙50Е╓ Е╡│Г └Е╔ЁФ┬©Д╦°Д╧▀И≈╢Г └Ф∙┘Д╨▀О╪▄Д╩√Д╩╛И┐╫Ф°┴Е░└Х┤╙Г └И│╜И│┤О╪▄Д╧÷Е╫╪Ф╜╓Д╩▀Е┘╔Д╨├Е╞╧Ф√╧Г └Г■÷Ф╢╩О╪▄Е╫╪Ф╜╓Ф╦╘Ф √Ц─┌Ц──Ц──Д╦─Д╦╙Д╦╨Г┬╠Х©╥Х▄╚Г └И┘▓Е░╖Е╔ЁФ╜▄Ф┴▀Е█≈Иё▌О╪▄Д╦─Д╦╙Д╦╨...', 'Ф²▌Г▌┴', 'Х▄┐Е├╟Е├╟', '/upload/1312885068734.jpg', '38730ab83f393744d23c72e54e2f7d76.jpg', '10', '6', 'shi', '97', 'no');
INSERT INTO `t_goods` VALUES ('3', '2', 'Е╟├Г┬╠Ф┐┘Х©⌡Х║▄Е┬╟Е╨∙', 'Г■╣Е╫╠Г┴┬Ц─┼Е╟├Г┬╠Ф┐┘Х©⌡Х║▄Е┬╟Е╨∙Ц─▀Г └Ф∙┘Д╨▀Ф≤╞Е░▄Е░█Г■╣Х╖├Е┴╖Г └Е╩╤Г╩╜О╪▄Х╝╡Х©╟Д╨├Е█│Е╧╢Д╧▀Е░▌Ф²╗ЕЁ╔Е▓▄Ф√┤Ф┘╖Г └Ф└÷Ф┐┘Г■÷Ф╢╩Ц─┌NO.1Е▄≈Д╨╛Ф²╗И⌠╝Е▓▄Ф√┤Ф┘╖Г╩⌠Е╘ Д╦┐Е╧╢Д╨├О╪▄Ф²╗И⌠╝Ф≤╞Е╓╖Е┘╛Е▐╦И╚≤Г╝║О╪▄Ф√┤Ф┘╖Д╦⌠Е©┐Ф▄│Е╝╤Ц─┌Д╦─Ф╛║Ф°┴Ф└▐Ф≈═Ф└▐И≈╢Г └Г╕╩Е╝╤Е┤╨Х╣╟О╪▄Д╩√Д╫▐Х©⌡Д╦─Е╝╤Е°╗Х┤╙Е╥╠Е╝╤Е╞╧И²╒Г └Х©·И■│Е∙├Е┼║И┘▓Е╨≈О╪▄Е╧╤Е╪─Е╖▀Д╨├Е│╥Г╙╔Ф√┤Ф┘╖Г └Г■÷Ф╢╩Ц─┌Е╬┬Е╓ Е╓╘Х©┤Е▌╩Д╨├Д╩√Е▐▒Г▌╟Ф√┤Ф┘╖Е╠┘Г└╤Ф╡║Ф°┴Ф┴╬Х©┤Д╩√Ц─┌Е°╗Д╩√Е©┐Г│╟Ф└▐Е├╥Ф≈╤О╪▄Е▐▒Г▌╟Д╨├......', 'Е╪═Д╦─Г≥╫', 'Ф²▌Д╨ И╧▐', '/upload/1312886986609.jpg', '1312885068734.jpg', '10', '6', 'shi', '99', 'no');
INSERT INTO `t_goods` VALUES ('4', '2', 'Ф°─Е╪╨Е⌡█Д╨▀', 'Г╔·Г╨╖Г╬▌Е╝╧Е╦┬Ф╡┬Г╬▌ (Е▐╓Е╓╘Д╧░ И╔╟) Ф≤╞Е╧©Е▐≈Ф╛╒Х©▌Г └Г╬▌Е╝╧Х┼┌Г⌡╝Д╦╩Ф▄│О╪▄Е╧∙Е┴█Д╦╜Ф─╖Ф╦╘Ф√┤Г └Е╫╒Х╠║Д╦█Х©┤Ф≤╞Х╝╗Е╔╫Е╔ЁД╨╨Е▄┘Хё┘О╪▄И╙╗Е╜░Хё▐Д╩█Ф≤╞Д╦╙Г╡≈И╡│И╨╩Г■╘Г■╥Д╨╨Ц─┌Д╦─Е╓╘О╪▄Г÷ЁФ╡╧Е╓╖Г▌▀Е╔ЁЕ▐▀Dream(И≤▌Е╕╝ И╔╟)Д╦┼И≈╗Ф┴╬Ф╡┬О╪▄И╚≤Х√╙Г╓╪Х│≤Ф╡┬Е┬╟Е╔╧И┌ёЕ┘╗Е╔ЁГ▐╜Г └Е▄√Е╕├Е⌠│Е┘╛Е▐╦Ф▀┘Д╩╩Ф─╩Хё│Ц─┌И╕√Е╓╘Д╦┼Г▐╜Г°▀Х╖│Д╦─Г▐╜И≈╝И╒≤Е╔ЁД╨╨О╪▄Ф╡┬Ф┴█Г÷╔Е╪─Е©┐Е╓╙Ф≈╘О╪▄Е╬▄Ф┌■Е╓╙Х©÷Ц─┌Д╪≈Е╔ЁЕ░▄Д╨▀И┐╫Д╦█Е╓╙Е░┬Д╫°О╪▄Е▐╙Ф°┴И∙©Ф°÷Е°╗Е░└......', 'И≥┬Е╨├Е≤┴', 'Е▐╓Е╓╘Д╧░', '/upload/1312887138546.jpg', 'd4deca98db440739e93e2aab1a84fa2b.jpg', '10', '6', 'shi', '87', 'no');
INSERT INTO `t_goods` VALUES ('5', '2', 'Ф┐┼Её╟Е╟√Е▐╚4', 'Ц─┼Ф┐┼Её╟Е╟√Е▐╚4Ц─▀Г └Ф∙┘Д╨▀Х╝╡Х©╟Sidney PrescottГ▌╟Е°╗Ф≤╞Д╦─Е░█Д╫°Е╝╤О╪┬Е├┘Х┼≥&bull;Е²▌Х╢²Е╟■ И╔╟О╪┴О╪▄Е°╗Е┘ЁД╨▌&ldquo;Ф∙≥Д╨╨Е╕┌Д╫∙Х┤╙Ф∙▒&rdquo;Г └Ф√╟Д╧╕Е╝ёД╪═Г └Ф°─Е░▌Д╦─Г╚≥О╪▄Е╔╧Е⌡·Е┬╟Д╨├Е╝╤Д╧║Ц─┌Д╦▌Sheriff DeweyО╪┬Е╓╖Е█╚&bull;И≤©Е╔▌Г┴╧ И╔╟О╪┴Ц─│Д╩√Г └Е╕╩Е╜░Gale WeathersО╪┬Ф÷╞Г┴╧Е╕╝&bull;Х─┐Е┘▀Ф√╞ И╔╟О╪┴О╪⌡Д╩╔Е▐┼Е╔╧Г └Х║╗Е╕╧J......', 'И÷╕Ф√╞б╥Е┘▀И⌡╥Ф√┤', 'Е├┘Х┼≥б╥Е²▌Х╢²Е╟■', '/upload/1312887252750.png', 'play.png', '10', '6', 'shi', '100', 'no');
INSERT INTO `t_goods` VALUES ('6', '1', 'Е┘ЁД╨▒И∙©', 'Е╫╠Г┴┤Ф∙┘Д╨▀Х╝╬Е╝ Е°╗Ф⌡╧Ф⌠█Е╓╖Х╢╔Е┬≤Е╓┤Д╧▀Е░▌О╪▄Д╨▄Е╪÷Е┘ЁД╨▒И∙©Д╦╨Д©²Ф┼╓Е╚┌Е╚┌Е╝┴Е█╠О╪▄Х╒╚Х©╚И≥█Ф⌡╧О╪▄Ф╪■Г╩▌Д╨├Д╦─Е╓└&ldquo;Х╨╚Е°╗Ф⌡╧Х░╔Е©┐Е°╗Ф╠┴&rdquo;Г └Е█┐Е▐╓Г╩▐Е┘╦Ц─┌Е┬≤Е╓┤Е╝╤Г°╥Х╒╚Е⌡╟Ф⌡╧Х░╔О╪▄Е┘ЁД╨▒И∙©Д╦╨Е╜≤Е©═Д╧┴Г■≤Д╫°Д©≤Х≥▐О╪▄Х╒╚Х©╚Д╦╨Ф⌡╧Е├⌡Д╦┼И≤╣Ц─┌Д╦─Е°╨Е╓╖Ф┬≤О╪▄Е┘ЁД╨▒И∙©Е█∙Д╨╨Е▄╧И╘╛Ф√╘Ф²─Ф∙▄Ф√╧Е╓╖Е╟├О╪▄Ф┼─Ф┐┼Е⌡⌡Е╨╖О╪▄Х─▄Ф╥╠Е▐≈Ф⌡╧Ф⌠█Х╣▐Х╞├Ц─┌ Е▐╞Ф≤╞Е┘ЁД╨▒И∙©Е█╢&lsquo;Х╨╚Е°╗Ф⌡╧Х░╔Е©┐Е°╗Ф╠┴&rsquo;Ц─┌Е╞╧Ф⌡╧Ф⌠█Ф┴─Ф°┴Г╓╪...', 'Е╨└Ф√┤Е╪╨', 'Г■└Е╜░Д╦╧', '/upload/1312901892500.jpg', '155556623c0c6c5553619fc3bc471889.jpg', '10', '10', 'fou', '90', 'no');
INSERT INTO `t_goods` VALUES ('7', '1', 'Д╦─Е╓°Х©╥Ф┐┘', 'Е╫╠Г┴┤Х╝╡Х©╟Д╨├Д╦─Е╞╧Е╓╚Е╕┤Е°╗Д╦─Д╦╙Ф≥ Д╦┼Г └Ф∙┘Д╨▀О╪▄Е╫⌠Г■╥Д╦╩Д╨╨Е┘╛О╪┬Х░╗Е╖├&middot;Ф╡┐Х╬⌡И║©О╪┴Е°╗Д╦─Ф╛║Е┤╨Е╥╝Д╦╜И│┤Е┬╟Д╨├Х©╥Д╨╨Г └Е╔ЁЕ░▄Д╨▀О╪┬Д╪┼Е╗┐&middot;И≈╗Е╬╥Ф√╞О╪┴Ф≈╤О╪▄Е╔ЁД╦╩Д╨╨Е┘╛О╪┬Е┤╞Ф▀┴&middot;Е╔┬Г┴╧Е┬╘О╪┴Д╧÷И│┤Е┬╟Д╨├Ф≈╖Ф┐┘Д╨╨О╪┬Е░┴Г╨╕Е╖├&middot;Е█║Е├┘О╪┴Ц─┌Х©┬Е┘▀Е▓▄Д╧■Е╝┴Е╗°Ф≤╞Д╦─Е╞╧Д╩╓Д╨╨Г╬║Ф┘∙Г └Е╧╢Х╫╩Е╓╚Е╕╩О╪▄Х©┬Е┘▀Ф▀╔Ф°┴Е╝┴Г╗ЁЕ╥╔Д╫°Ц─│Г╔√Е╝┴Е╗°Е┬≥Ф≤╞Х┤╙Г■╠Д╫°Е╝╤О╪▄Д╨▄Д╨╨Е╠┘Д╨▌Ф⌡╪Е┘▀И║©Г └Ф≈╤Е╟ Д╫▐Е╝┘О╪▄Г■÷Ф╢╩Ф≈═Е©╖Ц─┌Д╦─Ф╛║О╪▄Х©┬Е┘▀Ф░╨Г°╥Е┤╨Е╦╜Е┘╛......', 'Massy Tadjedin', 'Е┤╞Ф▀┴б╥Е╔┬Г┴╧Е┬╘', '/upload/1312901990609.jpg', 'a38e961f6db3f28a53785f95944acb55.jpg', '10', '10', 'fou', '79', 'no');
INSERT INTO `t_goods` VALUES ('8', '2', 'Е╝┘Г■╥Ф─╩Е┼╗Е▒≤', 'Ц─┼Е╝┘Г■╥Ф─╩Е┼╗Е▒≤Ц─▀Е┘ЁФЁ╗Е╫⌠Д╩┼Г╓╬Д╪ Е╝┘Г■╥Д╦▌Е┴╘Е╔ЁГ └Г┐╜И≈╗Х╞²И╒≤О╪▄Х╝╡Х©╟Е╫⌠&ldquo;Д╦┴Ф≈═Е╝┘Г■╥&rdquo;И│┤Д╦┼&ldquo;Д╦┴И╚≤Е┴╘Е╔Ё&rdquo;О╪▄Д╦╓Д╦╙Ф≈═Х╝╨Е╧╢И╬└Ц─│Д╦√Г∙▄Х╖┌Ц─│Г■÷Ф╢╩Ф─│Е╨╕Ц─│Г┬╠Ф┐┘Х╖┌И┐╫Ф·│Е┘╥Е╥╝Е╪┌Г └Д╨╨Г⌡╦И│┤Ц─│Г⌡╦Г÷╔Ц─│Г⌡╦Г┬╠Г └Ф∙┘Д╨▀Ц─┌...', 'Ф²╗Е╜░', 'Е╪═И╕╗Д╨┬', '/upload/1312902068640.jpg', 'e692ac659b5f6ea813c32ee608b67248.jpg', '10', '10', 'fou', '82', 'no');
INSERT INTO `t_goods` VALUES ('9', '3', 'Д╨▒Д╦▀Г └Ф≈╔Е╜░', 'Ц─┼Д╨▒Д╦▀Г └Ф≈╔Е╜░Ц─▀Е╞╪Ф╪■И─┴Е▐√Д╨├Ф──Ф≈╖Е√°Е┴╖Х©≥Д╦─Ф·│Е┘╥Е∙├Д╦ Ф└÷Г └Х╖├Х╖▓О╪▄Е╫╠Г┴┤И─┴Е▐√Д╨├Ф■╧И²╘Е╪─Ф■╬Е┬²Ф°÷Д╫°Д╦╨Ф≈╤Д╩ёХ┐▄Ф≥╞О╪▄Д╩╔Д╦╓Д╦╙Х╢╣Е╥·Е├°Ф²▒Е╟▐Е╜╘Х©⌡Е÷▌Д╦╨Г╨©Г╢╒О╪▄Д╩╔Г▀╛Г┴╧Г └Х╖▓Е╨╕Е├█Г▌╟Д╨├70Е╧╢Д╩ёФ°╚80Е╧╢Д╩ёЕ┬²Д╨╨Д╩╛Е┘┘Ф╩║Е╪═Е┼⌡Г └Г■÷Ф╢╩...', 'И≤▌Г└╤', 'Е╪═Ф╤╣Д╨┬', '/upload/1312902141468.jpg', 'aa4db5b43df8cb5cd9cd096f04fc972f.jpg', '10', '10', 'fou', '95', 'no');
INSERT INTO `t_liuyan` VALUES ('1312900350687', 'df', 'Х╞╥Х╬⌠Е┘╔Е├┘Е╝╧dfd', '2011-8-9 22:32:30', '1312764825250');
INSERT INTO `t_liuyan` VALUES ('1312900366421', 'Е╬┬Е╔╫', '<p>Е│ Г └Е╬┬Д╦█И■≥<br />\r\n&nbsp;</p>', '2011-8-9 22:32:46', '1312764825250');
INSERT INTO `t_order` VALUES ('1313007447281', '20110811041727', '2011-08-11 04:17:27', 'yes', 'xxxxxxxxxx', 'Х╢╖Е┬╟Д╩≤Ф╛╬', '126', '1312764825250');
INSERT INTO `t_order` VALUES ('1313007510578', '20110811041830', '2011-08-11 04:18:30', 'no', 'ccccccccc', 'Х╢╖Е┬╟Д╩≤Ф╛╬', '260', '1312764825250');
INSERT INTO `t_orderitem` VALUES ('1313007447328', '1313007447281', '2', '1');
INSERT INTO `t_orderitem` VALUES ('1313007447359', '1313007447281', '7', '12');
INSERT INTO `t_orderitem` VALUES ('1313007510609', '1313007510578', '6', '8');
INSERT INTO `t_orderitem` VALUES ('1313007510671', '1313007510578', '7', '7');
INSERT INTO `t_orderitem` VALUES ('1313007510750', '1313007510578', '8', '6');
INSERT INTO `t_orderitem` VALUES ('1313007510781', '1313007510578', '9', '5');
INSERT INTO `t_orderitem` VALUES ('1313007856203', '1313007856156', '4', '11');
INSERT INTO `t_orderitem` VALUES ('1313007856234', '1313007856156', '8', '11');
INSERT INTO `t_user` VALUES ('1312764825250', 'liu3718', '1', 'Е┬≤Е┘┴Д╨╝', 'Г■╥', '25', 'Е▄≈Д╨╛', '13455927413', 'liu198331@yahoo.cn', '1020842502', 'no');
